Country,Region,City,Location,Notes
United States,Mississippi,Ridgeland, Renaissance at Colony Park,
United States,Oklahoma,Oklahoma City, Penn Square,
United States,Oklahoma,Tulsa, Woodland Hills,
United States,Delaware,Newark, Christiana Mall,
United States,Minnesota,Bloomington, Mall of America,
United States,Minnesota,Edina, Southdale,
United States,Minnesota,Minneapolis, Uptown,
United States,Minnesota,Minnetonka, Ridgedale,
United States,Minnesota,Roseville, Rosedale Center,
United States,Illinois,Chicago, Lincoln Park,
United States,Illinois,Chicago, North Michigan Avenue,
United States,Illinois,Deer Park, Deer Park,
United States,Illinois,Naperville, Main Place,
United States,Illinois,Northbrook, Northbrook,
United States,Illinois,Oak Brook, Oakbrook,
United States,Illinois,Orland Park, Orland Square Mall,
United States,Illinois,Schaumburg, Woodfield,
United States,Illinois,Skokie, Old Orchard,
United States,Arkansas,Little Rock, The Promenade at Chenal,
United States,New Mexico,Albuquerque, ABQ Uptown,
United States,Indiana,Indianapolis, The Fashion Mall at Keystone,
United States,Indiana,Mishawaka, University Park Mall,
United States,Maryland,Annapolis, Annapolis,
United States,Maryland,Bethesda, Bethesda Row,
United States,Maryland,Bethesda, Montgomery Mall,
United States,Maryland,Columbia, Columbia,
United States,Maryland,Towson, Towson Town Center,
United States,Louisiana,Baton Rouge, Mall of Louisiana,
United States,Louisiana,Metairie, Lakeside Shopping Center,
United States,Idaho,Boise, Boise Towne Square,
United States,Tennessee,Franklin, CoolSprings Galleria,
United States,Tennessee,Germantown, Saddle Creek,
United States,Tennessee,Knoxville, West Town Mall,
United States,Tennessee,Nashville, Green Hills,
United States,Arizona,Chandler, Chandler Fashion Center,
United States,Arizona,Gilbert, SanTan Village,
United States,Arizona,Glendale, Arrowhead,
United States,Arizona,Phoenix, Biltmore,
United States,Arizona,Scottsdale, Scottsdale Quarter,
United States,Arizona,Tucson, La Encantada,
United States,Iowa,West Des Moines, Jordan Creek,
United States,Michigan,Ann Arbor, Briarwood,
United States,Michigan,Clinton Township, Partridge Creek,
United States,Michigan,Grand Rapids, Woodland,
United States,Michigan,Lansing, Eastwood Towne Center,
United States,Michigan,Novi, Twelve Oaks,
United States,Michigan,Troy, Somerset,
United States,Kansas,Leawood, Leawood,
United States,Utah,Farmington, Station Park,
United States,Utah,Murray, Fashion Place,
United States,Utah,Salt Lake City, City Creek Center,
United States,Virginia,Arlington, Clarendon,
United States,Virginia,Arlington, Pentagon City,
United States,Virginia,Fairfax, Fair Oaks,
United States,Virginia,McLean, Tysons Corner,
United States,Virginia,Norfolk, MacArthur Center,
United States,Virginia,Reston, Reston,
United States,Virginia,Richmond, Short Pump Town Center,
United States,Virginia,Virginia Beach, Lynnhaven Mall,
United States,Virginia,Woodbridge, Potomac Town Center,
United States,Oregon,Portland, Pioneer Place,
United States,Oregon,Tigard, Bridgeport Village,
United States,Oregon,Tigard, Washington Square,
United States,Connecticut,Danbury, Danbury Fair Mall,
United States,Connecticut,Farmington, Westfarms,
United States,Connecticut,Greenwich, Greenwich Avenue,
United States,Connecticut,New Haven, New Haven,
United States,Connecticut,South Windsor, Evergreen Walk,
United States,Connecticut,Stamford, Stamford,
United States,Connecticut,Trumbull, Trumbull,
United States,New York,Albany, Crossgates,
United States,New York,Brooklyn, Williamsburg,
United States,New York,Buffalo, Walden Galleria,
United States,New York,Elmhurst, Queens Center,
United States,New York,Garden City, Roosevelt Field,
United States,New York,Huntington Station, Walt Whitman,
United States,New York,Lake Grove, Smith Haven,
United States,New York,Manhasset, Manhasset,
United States,New York,Nanuet, Nanuet,
United States,New York,New York, Fifth Avenue,"Cool glass walls. 

Currently closed while under construction."
United States,New York,New York, Grand Central,
United States,New York,New York, SoHo,
United States,New York,New York, Upper East Side,
United States,New York,New York, Upper West Side,
United States,New York,New York,West 14th Street,
United States,New York,New York, World Trade Center,
United States,New York,Staten Island, Staten Island,
United States,New York,Syracuse, Syracuse,
United States,New York,Victor, Eastview,
United States,New York,White Plains, The Westchester,
United States,New York,Yonkers, Ridge Hill,
United States,California,Bakersfield, Valley Plaza,
United States,California,Berkeley,4th Street,
United States,California,Brea, Brea Mall,
United States,California,Burlingame, Burlingame,
United States,California,Canoga Park, Topanga,
United States,California,Carlsbad, Carlsbad,
United States,California,Cerritos, Los Cerritos,
United States,California,Chula Vista, Otay Ranch,
United States,California,Corte Madera, Corte Madera,
United States,California,Costa Mesa, South Coast Plaza,
United States,California,Cupertino, Infinite Loop,"Home base.

Former source of t-shirts."
United States,California,Emeryville, Bay Street,
United States,California,Escondido, North County,
United States,California,Fresno, Fashion Fair,
United States,California,Glendale, Glendale Galleria,
United States,California,Glendale, The Americana at Brand,
United States,California,Irvine, Irvine Spectrum Center,
United States,California,Los Angeles, Beverly Center,
United States,California,Los Angeles, Century City,
United States,California,Los Angeles, The Grove,
United States,California,Los Gatos, Los Gatos,
United States,California,Manhattan Beach, Manhattan Village,
United States,California,Mission Viejo, Mission Viejo,
United States,California,Modesto, Vintage Faire,
United States,California,Monterey, Del Monte,
United States,California,Newport Beach, Fashion Island,
United States,California,Northridge, Northridge,
United States,California,Palm Desert, El Paseo Village,
United States,California,Palo Alto, Palo Alto,
United States,California,Palo Alto, Stanford,
United States,California,Pasadena, Pasadena,
United States,California,Pleasanton, Stoneridge Mall,
United States,California,Rancho Cucamonga, Victoria Gardens,
United States,California,Roseville, Roseville,
United States,California,Sacramento, Arden Fair,
United States,California,San Diego, Fashion Valley,
United States,California,San Diego, UTC,
United States,California,San Francisco, Chestnut Street,
United States,California,San Francisco, Stonestown,
United States,California,San Francisco, Union Square,
United States,California,San Jose, Oakridge,
United States,California,San Luis Obispo, Higuera Street,
United States,California,San Mateo, Hillsdale,
United States,California,Santa Barbara, State Street,
United States,California,Santa Clara, Valley Fair,
United States,California,Santa Monica, Third Street Promenade,
United States,California,Santa Rosa, Santa Rosa Plaza,
United States,California,Sherman Oaks, Sherman Oaks,
United States,California,Simi Valley, Simi Valley,
United States,California,Temecula, Promenade Temecula,
United States,California,Thousand Oaks, The Oaks,
United States,California,Valencia, Valencia Town Center,
United States,California,Walnut Creek, Walnut Creek,
United States,Massachusetts,Boston, Boylston Street,
United States,Massachusetts,Braintree, South Shore,
United States,Massachusetts,Burlington, Burlington,
United States,Massachusetts,Cambridge, CambridgeSide,
United States,Massachusetts,Chestnut Hill, Chestnut Hill,
United States,Massachusetts,Dedham, Legacy Place,
United States,Massachusetts,Hingham, Derby Street,
United States,Massachusetts,Holyoke, Holyoke,
United States,Massachusetts,Lynnfield, MarketStreet,
United States,Massachusetts,Marlborough, Solomon Pond Mall,
United States,Massachusetts,Natick, Natick Collection,
United States,South Carolina,Charleston, King Street,
United States,South Carolina,Greenville, Haywood Mall,
United States,New Hampshire,Manchester, The Mall of New Hampshire,
United States,New Hampshire,Nashua, Pheasant Lane,
United States,New Hampshire,Salem, Rockingham Park,
United States,Wisconsin,Glendale, Bayshore,
United States,Wisconsin,Madison, West Towne,
United States,Wisconsin,Wauwatosa, Mayfair,
United States,Georgia,Alpharetta, North Point,
United States,Georgia,Atlanta, Cumberland Mall,
United States,Georgia,Atlanta, Lenox Square,
United States,Georgia,Atlanta, Perimeter,
United States,Georgia,Augusta, Augusta,
United States,Georgia,Buford, Mall of Georgia,
United States,Pennsylvania,Ardmore, Suburban Square,
United States,Pennsylvania,King of Prussia, King of Prussia,
United States,Pennsylvania,Lancaster, Park City,
United States,Pennsylvania,Philadelphia, Walnut Street,
United States,Pennsylvania,Pittsburgh, Ross Park,
United States,Pennsylvania,Pittsburgh, Shadyside,
United States,Pennsylvania,Pittsburgh, South Hills Village,
United States,Pennsylvania,Whitehall, Lehigh Valley,
United States,Pennsylvania,Willow Grove, Willow Grove Park,
United States,Florida,Altamonte Springs, Altamonte,
United States,Florida,Aventura, Aventura,
United States,Florida,Boca Raton, Boca Raton,
United States,Florida,Brandon, Brandon,
United States,Florida,Estero, Coconut Point,
United States,Florida,Fort Lauderdale, The Galleria,
United States,Florida,Jacksonville, St. Johns Town Center,
United States,Florida,Miami Beach, Lincoln Road,
United States,Florida,Miami, Dadeland,
United States,Florida,Miami, The Falls,
United States,Florida,Naples, Waterside Shops,
United States,Florida,Orlando, Florida Mall,
United States,Florida,Orlando, Millenia,
United States,Florida,Palm Beach Gardens, The Gardens Mall,
United States,Florida,Sarasota, University Town Center,
United States,Florida,Tampa, International Plaza,
United States,Florida,Wellington, Wellington Green,
United States,Alaska,Anchorage,Anchorage 5th Avenue Mall,
United States,Kentucky,Lexington, Fayette Mall,
United States,Kentucky,Louisville, Oxmoor,
United States,Hawaii,Honolulu, Ala Moana,
United States,Hawaii,Honolulu, Kahala,
United States,Hawaii,Honolulu, Royal Hawaiian,
United States,Nebraska,Omaha, Village Pointe,
United States,Missouri,Kansas City, Country Club Plaza,
United States,Missouri,St. Louis, Saint Louis Galleria,
United States,Missouri,St. Louis, West County,
United States,Ohio,Akron, Summit Mall,
United States,Ohio,Beavercreek, The Greene,
United States,Ohio,Cincinnati, Kenwood Towne Centre,
United States,Ohio,Columbus, Easton Town Center,
United States,Ohio,Columbus, Polaris Fashion Place,
United States,Ohio,Toledo, Franklin Park Mall,
United States,Ohio,Westlake, Crocker Park,
United States,Ohio,Woodmere, Eton,
United States,Alabama,Birmingham, The Summit,
United States,Alabama,Huntsville, Bridge Street,
United States,Rhode Island,Providence, Providence Place,
United States,South Australia,Rundle Place,,
United States,Western Australia,Garden City Perth,,
United States,Western Australia,Perth City,,
United States,Colorado,Boulder, Twenty Ninth Street,
United States,Colorado,Broomfield, FlatIron Crossing,
United States,Colorado,Colorado Springs, The Promenade Shops at Briargate,
United States,Colorado,Denver, Cherry Creek,
United States,Colorado,Littleton, Aspen Grove,
United States,Colorado,Lone Tree, Park Meadows,
United States,New Jersey,Atlantic City, The Pier,
United States,New Jersey,Bridgewater, Bridgewater,
United States,New Jersey,Cherry Hill, Cherry Hill,
United States,New Jersey,Edison, Menlo Park,
United States,New Jersey,Freehold, Freehold Raceway Mall,
United States,New Jersey,Lawrence Township, Quaker Bridge,
United States,New Jersey,Marlton, Sagemore,
United States,New Jersey,Paramus, Garden State Plaza,
United States,New Jersey,Rockaway, Rockaway,
United States,New Jersey,Short Hills, Short Hills,
United States,New Jersey,Wayne, Willowbrook,
United States,New Jersey,Woodcliff Lake, Tice's Corner,
United States,Washington,Bellevue, Bellevue Square,
United States,Washington,Lynnwood, Alderwood Mall,
United States,Washington,Seattle, University Village,
United States,Washington,Spokane, River Park Square,
United States,Washington,Tacoma, Tacoma Mall,
United States,Washington,Tukwila, Southcenter,
United States,North Carolina,Charlotte, Northlake Mall,
United States,North Carolina,Charlotte, SouthPark,
United States,North Carolina,Durham, Southpoint,
United States,North Carolina,Greensboro, Friendly Center,
United States,North Carolina,Raleigh, Crabtree Valley Mall,
United States,District of Columbia,Washington, Georgetown,
United States,Texas,Austin, Barton Creek,
United States,Texas,Austin, The Domain,
United States,Texas,Dallas, Knox Street,
United States,Texas,Dallas, NorthPark Center,
United States,Texas,El Paso, Cielo Vista Mall,
United States,Texas,Fort Worth, University Park Village,
United States,Texas,Friendswood, Baybrook,
United States,Texas,Frisco, Stonebriar,
United States,Texas,Houston, Highland Village,
United States,Texas,Houston, Houston Galleria,
United States,Texas,Houston, Memorial City,
United States,Texas,Houston, Willowbrook Mall,
United States,Texas,Plano, Willow Bend,
United States,Texas,San Antonio, La Cantera,
United States,Texas,San Antonio, North Star,
United States,Texas,Southlake, Southlake Town Square,
United States,Texas,Sugar Land, First Colony Mall,
United States,Texas,The Woodlands, The Woodlands,
United States,Nevada,Las Vegas, Fashion Show,
United States,Nevada,Las Vegas, Summerlin,
United States,Nevada,Las Vegas, The Forum Shops,
United States,Nevada,Las Vegas, Town Square,
United States,Nevada,Reno, Summit Sierra,
United States,Maine,South Portland, Maine Mall,
Australia,Australian Capital Territory,Canberra,Canberra Centre,
Australia,New South Wales,Bondi,,
Australia,New South Wales,Broadway,Broadway Shopping Centre,
Australia,New South Wales,Castle Towers,Castle Towers Shopping Centre,
Australia,New South Wales,Charlestown,Charlestown Square,
Australia,New South Wales,Chatswood Chase,Chatswood Chase Shopping Centre,
Australia,New South Wales,Hornsby,Westfield Hornsby,
Australia,New South Wales,Miranda,Westfield Miranda,
Australia,New South Wales,Penrith,Westfield Penrith,
Australia,New South Wales,Sydney,,
Australia,Queensland,Brisbane,MacArthur Chambers,
Australia,Queensland,Carindale,Westfield Carindale,
Australia,Queensland,Chermside,Westfield Chermside,
Australia,Queensland,Robina,Robina Town Centre,
Australia,South Australia,Rundle Place,Rundle Place Centre,
Australia,Victoria,Chadstone,Chadstone Shopping Centre,
Australia,Victoria,Southland,Westfield Southland,
Australia,Victoria,Doncaster,Westfield Doncaster,
Australia,Victoria,Fountain Gate,Westfield Fountain Gate,
Australia,Victoria,Highpoint,Highpoint Shopping Centre,
Australia,Western Australia,Garden City Perth,Garden City,
Australia,Western Australia,Perth City,,
Belgium,Brussels,Bruxelles,,
Brazil,Rio de Janeiro,Barra da Tijuca,VillageMall,
Brazil,São Paulo,São Paulo,Morumbi,
Canada,Alberta,Calgary,Chinook Centre,
Canada,Alberta,Calgary,Market Mall,
Canada,Alberta,Edmonton,Southgate Centre,
Canada,Alberta,Edmonton,West Edmonton,
Canada,British Columbia,Burnaby,Metrotown,
Canada,British Columbia,Coquitlam,Coquitlam Centre,
Canada,British Columbia,Richmond, Richmond Centre,
Canada,British Columbia,Surrey, Guildford Town Centre,
Canada,British Columbia,Vancouver, Oakridge Centre,
Canada,British Columbia,Vancouver, Pacific Centre,
Canada,Manitoba,Winnipeg, Polo Park,
Canada,Nova Scotia,Halifax, Halifax Shopping Centre,
Canada,Ontario,Burlington, Mapleview Centre,
Canada,Ontario,London, Masonville,
Canada,Ontario,Markham, Markville Shopping Centre,
Canada,Ontario,Mississauga, Square One,
Canada,Ontario,Newmarket, Upper Canada Mall,
Canada,Ontario,Ottawa, Bayshore Shopping Centre,
Canada,Ontario,Ottawa, Rideau,
Canada,Ontario,Toronto, Eaton Centre,
Canada,Ontario,Toronto, Fairview,
Canada,Ontario,Toronto, Sherway Gardens,
Canada,Ontario,Toronto, Yorkdale,
Canada,Ontario,Waterloo, Conestoga,
Canada,Quebec,Brossard,DIX30,
Canada,Quebec,Laval, Carrefour Laval,
Canada,Quebec,Montreal, Sainte-Catherine,
Canada,Quebec,Pointe-Claire, Fairview Pointe-Claire,
Canada,Quebec,Quebec City, Place Ste-Foy,
China,Beijing,Chaoyang Joy City,Chaoyang District,
China,Beijing,Chaoyang District,China Central Mall,
China,Beijing,Chaoyang District,Sanlitun,
China,Beijing,Dongcheng District,Wangfujing,
China,Beijing,Xicheng District,Xidan Joy City,
China,Chongqing,Yuzhong District,Jiefangbei,
China,Chongqing,Jiulongpo District,MixC Chongqing,
China,Chongqing,Jiangbei District,Paradise Walk Chongqing,
China,Fujian,Jin’an District,Thaihot Plaza,
China,Fujian,Siming District,Xiamen Lifestyle Center,
China,Guangdong,Tianhe District,Parc Central,
China,Guangdong,Zhujiang New Town,Zhujiang New Town,
China,Guangdong,Shenzhen,Holiday Plaza Shenzhen,
China,Guangxi,Qingxiu District,MixC Nanning,
China,Henan,Erqi District,MixC Zhengzhou,
China,Jiangsu,Xuanwu District,Nanjing IST,
China,Jiangsu,Gulou District,Nanjing Jinmao Place,
China,Jiangsu,Yuhuatai District,Wonder City,
China,Jiangsu,Liangxi District,Center 66 Wuxi,
China,Liaoning,Xigang District,Olympia 66 Dalian,
China,Liaoning,Zhongshan District,Parkland,
China,Liaoning,Heping District,MixC Shenyang,
China,Liaoning,Dadong District,Zhongjie Joy City,
China,Shandong,Lixia District,Parc 66 Jinan,
China,Shandong,Shinan District,MixC Qingdao,
China,Shanghai,Putuo District,Global Harbor,
China,Shanghai,Luwan District,Hong Kong Plaza,
China,Shanghai,HuangPu District,Nanjing East,
China,Shanghai,Pudong District,Pudong,
China,Shanghai,Minhang District,Qibao,
China,Shanghai,Xuhui District,Shanghai iapm,
China,Shanghai,Yangpu District,Wujiaochang,
China,Sichuan,Chenghua District,MixC Chengdu,
China,Sichuan,Jinjiang District,Taikoo Li Chengdu,
China,Tianjin,Hexi District,Galaxy Mall,
China,Tianjin,Heping District,Riverside 66 Tianjin,
China,Tianjin,Nankai District,Tianjin Joy City,
China,Yunnan,Wuhua District,Kunming,
China,Zhejiang,Jianggan District,MixC Hangzhou,
China,Zhejiang,Shangcheng District,West Lake,
France,Aix-en-Provence,Aix-en-Provence,,
France,Bordeaux, Sainte-Catherine,,
France,Dijon, La Toison d’Or,Centre Commercial de la Toison d’Or,
France,Le Chesnay,Parly 2,Centre commercial régional Parly 2,
France,Lieusaint, Carré Sénart,Centre commercial régional,
France,Lille, Lille,,
France,Lyon, Confluence,Centre Commercial Confluence,
France,Lyon, Part-Dieu,Centre commercial La Part-Dieu,
France,Marne-la-Vallee, Val d’Europe,Centre Commercial Val d’Europe,
France,Marseille, Marseille,Les Terrasses du Port,
France,Montpellier, Odysseum,Centre Commercial Odysseum,
France,Nice,CAP 3000,Avenue Eugène Donadeï,
France,Paris, Carrousel du Louvre,,
France,Paris, Marché Saint-Germain,,
France,Paris, Opéra,,
France,Puteaux - la Defense, Les Quatre Temps,Centre commercial Les Quatre Temps,
France,Rosny-Sous-Bois,Rosny 2,Centre Commercial Rosny 2,
France,Saint Herblain, Atlantis,Galerie Atlantis Le Centre,
France,Strasbourg, Strasbourg,L’Aubette,
France,Velizy-Villacoublay,Vélizy 2,,
Germany,Augsburg, City-Galerie,City-Galerie Augsburg,
Germany,Berlin, Kurfürstendamm,,
Germany,Cologne, Rhein Center,,
Germany,Cologne, Schildergasse,,
Germany,Dresden, Altmarkt-Galerie,,
Germany,Düsseldorf, Düsseldorf,Kö-Bogen,
Germany,Frankfurt, Grosse Bockenheimer Strasse,,
Germany,Hamburg, Alstertal,Alstertal-Einkaufszentrum,
Germany,Hamburg, Jungfernstieg,,
Germany,Hannover, Hannover,,
Germany,Munich, OEZ,Olympia-Einkaufszentrum,
Germany,Munich, Rosenstrasse,,
Germany,Oberhausen, CentrO,CentrO Oberhausen,
Germany,Sindelfingen, Sindelfingen,Breuningerland Sindelfingen,
Germany,Sulzbach, MTZ,Main-Taunus-Zentrum,
Hong Kong,Hong Kong,Kwun Tong, apm Hong Kong,
Hong Kong,Hong Kong,Tsim Sha Tsui, Canton Road,
Hong Kong,Hong Kong, Causeway Bay,Hysan Place,
Hong Kong,Hong Kong,Kowloon Tong, Festival Walk,
Hong Kong,Hong Kong,Central, International Finance Centre,
Hong Kong,Hong Kong,Sha Tin, New Town Plaza,
Italy,Italy,Bologna, Via Rizzoli,
Italy,Florence,Campi Bisenzio, I Gigli,
Italy,Milan,Carugate, Centro Commerciale Carosello,
Italy,Firenze,Firenze,Piazza della Repubblica,
Italy,Turin,Grugliasco, Centro commerciale Le Gru,
Italy,Brescia,Lonato,Il Leone Shopping Center,
Italy,Caserta,Marcianise,Centro Commerciale Campania,
Italy,Venezia,Mestre,Centro commerciale Nave de Vero,
Italy,Catania,Misterbianco,Centro Sicilia,
Italy,Bergamo,Orio al Serio,Centro commerciale Oriocenter,
Italy,Rimini,Le Befane,Centro Commerciale Le Befane,
Italy,Rome,Roma Bufalotta,Galleria Porta di Roma,
Italy,Roma,Roma EUR,Centro Commerciale Euroma2,
Italy,Rome,Roma Lunghezza,Centro commerciale RomaEst,
Italy,Milan,Rozzano,Centro Commerciale Fiordaliso,
Italy,Torino,Via Roma,,
Japan,Tokyo,Chuo-ku,Ginza,
Japan,Fukuoka,Fukuoka-shi,Fukuoka Tenjin,
Japan,Aichi,Nagoya-shi,Nagoya Sakae,
Japan,Osaka,Osaka-shi,Shinsaibashi,
Japan,Miyagi,Sendai-shi,Sendai Ichibancho,
Japan,Tokyo,Shibuya-ku,Omotesando,
Japan,Tokyo,Shibuya-ku,Shibuya,
Japan,Tokyo,Shinjuku,Apple Watch at Isetan Shinjuku,
Macao,Cotai,Galaxy Macau,Galaxy Macau™ The Promenade,
Mexico,D.F.,Cuajimalpa de Morelos,Vía Santa Fe,
Netherlands,Amsterdam,,,
Netherlands,Den Haag,,,
Netherlands,Haarlem,,,
Spain,Valladolid,Arroyo de la Encomienda,Centro Comercial Río Shopping,
Spain,Madrid,Arroyomolinos,Centro comercial de Ocio Madrid Xanadú,
Spain,Barcelona,Barcelona,Centro comercial La Maquinista,
Spain,Barcelona,Barcelona,Passeig de Gràcia,
Spain,Murcia,Churra,Centro Comercial Nueva Condomina,
Spain,Madrid,Leganés,Centro Comercial Parquesur,
Spain,Madrid,Madrid,Puerta del Sol,
Spain,Madrid,Majadahonda,Centro Comercial Gran Plaza 2,
Spain,Málaga,Marbella,Parque Comercial La Cañada,
Spain,Valencia,Valencia,Calle Colón,
Spain,Zaragoza,C. C. Puerto Venecia, Galería de Moda,
Sweden,Helsingborg,Helsingborg,Väla Centrum,
Sweden,Malmö,Malmö,Emporia,
Sweden,Täby,Täby,Täby Centrum,
Switzerland,Basel,Basel,Freie Strasse,
Switzerland,Geneva,Geneva,Rue de Rive,
Switzerland,Glattzentrum bei Wallisellen,Glattzentrum bei Wallisellen,Einkaufszentrum Glatt,
Switzerland,Zurich,Zurich,Bahnhofstrasse,
Turkey,İstanbul,Beşiktaş,Zorlu Center,
Turkey,İstanbul,Üsküdar,Akasya AVM,
United Arab Emirates,Abu Dhabi,Yas Island,Yas Mall,
United Arab Emirates,Dubai,Dubai,Mall of the Emirates,
United Kingdom,Aberdeen,Aberdeen,Union Square,
United Kingdom,Basingstoke,Basingstoke, Festival Place,
United Kingdom,Bath,Bath, SouthGate,
United Kingdom,Belfast,Belfast, Victoria Square,
United Kingdom,Birmingham, Birmingham,,
United Kingdom,Brighton,Brighton, Churchill Square,
United Kingdom,Bristol,Bristol, Cabot Circus,
United Kingdom,Bristol,Bristol, Cribbs Causeway,
United Kingdom,Bromley, Bromley,The Glades Bromley Shopping Centre,
United Kingdom,Cambridge,Cambridge,Grand Arcade Shopping Centre,
United Kingdom,Cardiff,Cardiff,St David’s 2,
United Kingdom,Edinburgh,Edinburgh,Princes Street,
United Kingdom,Exeter,Exeter, Princesshay,
United Kingdom,Gateshead,Gateshead, Metrocentre,
United Kingdom,Glasgow,Braehead,Braehead Shopping Centre,
United Kingdom,Glasgow,Glasgow, Buchanan Street,
United Kingdom,Grays,Grays,Lakeside,
United Kingdom,Greenhithe,Greenhithe, Bluewater,
United Kingdom,Kingston upon Thames,Kingston upon Thames,Bentall Centre,
United Kingdom,Leeds,Leeds, Trinity Leeds,
United Kingdom,Leicester,Leicester, Highcross,
United Kingdom,Liverpool,Liverpool, Liverpool One,
United Kingdom,London,London, Brent Cross,
United Kingdom,London,London, Covent Garden,
United Kingdom,London,London, Regent Street,
United Kingdom,London,London,Stratford City,
United Kingdom,London,White City,Westfield London,
United Kingdom,Manchester, Manchester Arndale,New Cannon Street Mall,
United Kingdom,Manchester,Manchester, Trafford Centre,
United Kingdom,Milton Keynes, Milton Keynes,,
United Kingdom,Newcastle upon Tyne, Eldon Square,St Andrew’s Way,
United Kingdom,Norwich, Chapelfield,Merchants Hall,
United Kingdom,Plymouth,Plymouth, Drake Circus,
United Kingdom,Reading,Reading,The Oracle Shopping Centre,
United Kingdom,Sheffield,Sheffield, Sheffield Meadowhall,
United Kingdom,Solihull,Solihull, The Touchwood Centre,
United Kingdom,Southampton,Southampton, WestQuay,
United Kingdom,Watford, Watford,Intu Watford Shopping Centre,